"File","RelativePath","Line","Column"
"Abber.Tests.cs","lib\channels\abber\Abber.Tests.cs","482","9"
"Abber.Tests.cs","lib\channels\abber\Abber.Tests.cs","483","9"
"Abber.Validation.Tests.cs","lib\channels\abber\Abber.Validation.Tests.cs","65","9"
"Abber.Validation.Tests.cs","lib\channels\abber\Abber.Validation.Tests.cs","324","9"
"Abber.Validation.Tests.cs","lib\channels\abber\Abber.Validation.Tests.cs","356","9"
"Abber.Validation.Tests.cs","lib\channels\abber\Abber.Validation.Tests.cs","377","9"
"AccBands.Tests.cs","lib\channels\accbands\AccBands.Tests.cs","545","9"
"AccBands.Tests.cs","lib\channels\accbands\AccBands.Tests.cs","546","9"
"AccBands.Validation.Tests.cs","lib\channels\accbands\AccBands.Validation.Tests.cs","354","9"
"apchannel.Validation.Tests.cs","lib\channels\apchannel\apchannel.Validation.Tests.cs","98","9"
"apchannel.Validation.Tests.cs","lib\channels\apchannel\apchannel.Validation.Tests.cs","141","9"
"apchannel.Validation.Tests.cs","lib\channels\apchannel\apchannel.Validation.Tests.cs","181","9"
"apchannel.Validation.Tests.cs","lib\channels\apchannel\apchannel.Validation.Tests.cs","212","9"
"apchannel.Validation.Tests.cs","lib\channels\apchannel\apchannel.Validation.Tests.cs","255","9"
"apchannel.Validation.Tests.cs","lib\channels\apchannel\apchannel.Validation.Tests.cs","309","9"
"Apz.Tests.cs","lib\channels\apz\Apz.Tests.cs","373","9"
"Apz.Tests.cs","lib\channels\apz\Apz.Tests.cs","374","9"
"Apz.Tests.cs","lib\channels\apz\Apz.Tests.cs","480","9"
"Apz.Tests.cs","lib\channels\apz\Apz.Tests.cs","481","9"
"Apz.Tests.cs","lib\channels\apz\Apz.Tests.cs","665","9"
"Apz.Validation.Tests.cs","lib\channels\apz\Apz.Validation.Tests.cs","333","9"
"Apz.Validation.Tests.cs","lib\channels\apz\Apz.Validation.Tests.cs","365","9"
"Apz.Validation.Tests.cs","lib\channels\apz\Apz.Validation.Tests.cs","390","9"
"SimdExtensions.Tests.cs","lib\core\simd\SimdExtensions.Tests.cs","118","9"
"SimdExtensions.Tests.cs","lib\core\simd\SimdExtensions.Tests.cs","338","9"
"SimdExtensions.Tests.cs","lib\core\simd\SimdExtensions.Tests.cs","765","9"
"SimdExtensions.Tests.cs","lib\core\simd\SimdExtensions.Tests.cs","775","9"
"TBar.Tests.cs","lib\core\tbar\TBar.Tests.cs","10","9"
"TBar.Tests.cs","lib\core\tbar\TBar.Tests.cs","11","9"
"TBar.Tests.cs","lib\core\tbar\TBar.Tests.cs","12","9"
"TBar.Tests.cs","lib\core\tbar\TBar.Tests.cs","13","9"
"TBar.Tests.cs","lib\core\tbar\TBar.Tests.cs","14","9"
"TBar.Tests.cs","lib\core\tbar\TBar.Tests.cs","30","9"
"TBar.Tests.cs","lib\core\tbar\TBar.Tests.cs","31","9"
"TBar.Tests.cs","lib\core\tbar\TBar.Tests.cs","32","9"
"TBar.Tests.cs","lib\core\tbar\TBar.Tests.cs","33","9"
"TBar.Tests.cs","lib\core\tbar\TBar.Tests.cs","34","9"
"TBar.Tests.cs","lib\core\tbar\TBar.Tests.cs","448","9"
"TBarSeries.Tests.cs","lib\core\tbarseries\TBarSeries.Tests.cs","442","9"
"ITValuePublisher.Tests.cs","lib\core\tseries\ITValuePublisher.Tests.cs","9","9"
"TValue.Tests.cs","lib\core\tvalue\TValue.Tests.cs","9","9"
"TValue.Tests.cs","lib\core\tvalue\TValue.Tests.cs","21","9"
"TValue.Tests.cs","lib\core\tvalue\TValue.Tests.cs","185","9"
"TValue.Tests.cs","lib\core\tvalue\TValue.Tests.cs","198","9"
"TValue.Tests.cs","lib\core\tvalue\TValue.Tests.cs","211","9"
"Stc.Validation.Tests.cs","lib\cycles\stc\Stc.Validation.Tests.cs","38","9"
"Stc.Validation.Tests.cs","lib\cycles\stc\Stc.Validation.Tests.cs","39","9"
"Stc.Validation.Tests.cs","lib\cycles\stc\Stc.Validation.Tests.cs","40","9"
"Stc.Validation.Tests.cs","lib\cycles\stc\Stc.Validation.Tests.cs","47","9"
"Adxr.Tests.cs","lib\dynamics\adxr\Adxr.Tests.cs","246","9"
"Amat.Tests.cs","lib\dynamics\amat\Amat.Tests.cs","320","9"
"Amat.Tests.cs","lib\dynamics\amat\Amat.Tests.cs","321","9"
"Amat.Tests.cs","lib\dynamics\amat\Amat.Tests.cs","386","9"
"Amat.Validation.Tests.cs","lib\dynamics\amat\Amat.Validation.Tests.cs","54","9"
"Amat.Validation.Tests.cs","lib\dynamics\amat\Amat.Validation.Tests.cs","55","9"
"Amat.Validation.Tests.cs","lib\dynamics\amat\Amat.Validation.Tests.cs","82","9"
"Amat.Validation.Tests.cs","lib\dynamics\amat\Amat.Validation.Tests.cs","83","9"
"Amat.Validation.Tests.cs","lib\dynamics\amat\Amat.Validation.Tests.cs","110","9"
"Amat.Validation.Tests.cs","lib\dynamics\amat\Amat.Validation.Tests.cs","111","9"
"Amat.Validation.Tests.cs","lib\dynamics\amat\Amat.Validation.Tests.cs","145","9"
"Amat.Validation.Tests.cs","lib\dynamics\amat\Amat.Validation.Tests.cs","146","9"
"Amat.Validation.Tests.cs","lib\dynamics\amat\Amat.Validation.Tests.cs","180","9"
"Amat.Validation.Tests.cs","lib\dynamics\amat\Amat.Validation.Tests.cs","181","9"
"Amat.Validation.Tests.cs","lib\dynamics\amat\Amat.Validation.Tests.cs","207","9"
"Amat.Validation.Tests.cs","lib\dynamics\amat\Amat.Validation.Tests.cs","208","9"
"Amat.Validation.Tests.cs","lib\dynamics\amat\Amat.Validation.Tests.cs","234","9"
"Amat.Validation.Tests.cs","lib\dynamics\amat\Amat.Validation.Tests.cs","235","9"
"Amat.Validation.Tests.cs","lib\dynamics\amat\Amat.Validation.Tests.cs","259","9"
"Amat.Validation.Tests.cs","lib\dynamics\amat\Amat.Validation.Tests.cs","260","9"
"Amat.Validation.Tests.cs","lib\dynamics\amat\Amat.Validation.Tests.cs","293","9"
"Amat.Validation.Tests.cs","lib\dynamics\amat\Amat.Validation.Tests.cs","294","9"
"Amat.Validation.Tests.cs","lib\dynamics\amat\Amat.Validation.Tests.cs","335","9"
"Amat.Validation.Tests.cs","lib\dynamics\amat\Amat.Validation.Tests.cs","336","9"
"Amat.Validation.Tests.cs","lib\dynamics\amat\Amat.Validation.Tests.cs","381","9"
"Amat.Validation.Tests.cs","lib\dynamics\amat\Amat.Validation.Tests.cs","382","9"
"Aroon.Tests.cs","lib\dynamics\aroon\Aroon.Tests.cs","270","9"
"AroonOsc.Tests.cs","lib\dynamics\aroonosc\AroonOsc.Tests.cs","256","9"
"Huber.Tests.cs","lib\errors\huber\Huber.Tests.cs","36","9"
"Huber.Tests.cs","lib\errors\huber\Huber.Tests.cs","52","9"
"Huber.Tests.cs","lib\errors\huber\Huber.Tests.cs","67","9"
"Huber.Tests.cs","lib\errors\huber\Huber.Tests.cs","79","9"
"Huber.Tests.cs","lib\errors\huber\Huber.Tests.cs","112","9"
"Huber.Tests.cs","lib\errors\huber\Huber.Tests.cs","259","9"
"Huber.Tests.cs","lib\errors\huber\Huber.Tests.cs","260","9"
"Huber.Tests.cs","lib\errors\huber\Huber.Tests.cs","261","9"
"Huber.Tests.cs","lib\errors\huber\Huber.Tests.cs","372","9"
"LogCosh.Tests.cs","lib\errors\logcosh\LogCosh.Tests.cs","96","9"
"LogCosh.Tests.cs","lib\errors\logcosh\LogCosh.Tests.cs","112","9"
"Mae.Tests.cs","lib\errors\mae\Mae.Tests.cs","31","9"
"Mae.Tests.cs","lib\errors\mae\Mae.Tests.cs","242","9"
"Mae.Tests.cs","lib\errors\mae\Mae.Tests.cs","243","9"
"Mapd.Tests.cs","lib\errors\mapd\Mapd.Tests.cs","31","9"
"Mapd.Tests.cs","lib\errors\mapd\Mapd.Tests.cs","59","9"
"Mapd.Tests.cs","lib\errors\mapd\Mapd.Tests.cs","226","9"
"Mapd.Tests.cs","lib\errors\mapd\Mapd.Tests.cs","227","9"
"Mape.Tests.cs","lib\errors\mape\Mape.Tests.cs","31","9"
"Mape.Tests.cs","lib\errors\mape\Mape.Tests.cs","242","9"
"Mape.Tests.cs","lib\errors\mape\Mape.Tests.cs","243","9"
"Me.Tests.cs","lib\errors\me\Me.Tests.cs","31","9"
"Me.Tests.cs","lib\errors\me\Me.Tests.cs","268","9"
"Me.Tests.cs","lib\errors\me\Me.Tests.cs","269","9"
"Mrae.Tests.cs","lib\errors\mrae\Mrae.Tests.cs","31","9"
"Mrae.Tests.cs","lib\errors\mrae\Mrae.Tests.cs","223","9"
"Mrae.Tests.cs","lib\errors\mrae\Mrae.Tests.cs","224","9"
"Mse.Tests.cs","lib\errors\mse\Mse.Tests.cs","31","9"
"Mse.Tests.cs","lib\errors\mse\Mse.Tests.cs","230","9"
"Mse.Tests.cs","lib\errors\mse\Mse.Tests.cs","231","9"
"PseudoHuber.Tests.cs","lib\errors\pseudohuber\PseudoHuber.Tests.cs","90","9"
"PseudoHuber.Tests.cs","lib\errors\pseudohuber\PseudoHuber.Tests.cs","107","9"
"PseudoHuber.Tests.cs","lib\errors\pseudohuber\PseudoHuber.Tests.cs","149","9"
"PseudoHuber.Tests.cs","lib\errors\pseudohuber\PseudoHuber.Tests.cs","163","9"
"Rmse.Tests.cs","lib\errors\rmse\Rmse.Tests.cs","31","9"
"Rmse.Tests.cs","lib\errors\rmse\Rmse.Tests.cs","189","9"
"Rmse.Tests.cs","lib\errors\rmse\Rmse.Tests.cs","190","9"
"TukeyBiweight.Tests.cs","lib\errors\tukey\TukeyBiweight.Tests.cs","75","9"
"TukeyBiweight.Tests.cs","lib\errors\tukey\TukeyBiweight.Tests.cs","88","9"
"TukeyBiweight.Tests.cs","lib\errors\tukey\TukeyBiweight.Tests.cs","100","9"
"TukeyBiweight.Tests.cs","lib\errors\tukey\TukeyBiweight.Tests.cs","123","9"
"TukeyBiweight.Tests.cs","lib\errors\tukey\TukeyBiweight.Tests.cs","358","9"
"TukeyBiweight.Tests.cs","lib\errors\tukey\TukeyBiweight.Tests.cs","375","9"
"TukeyBiweight.Tests.cs","lib\errors\tukey\TukeyBiweight.Tests.cs","398","9"
"TukeyBiweight.Tests.cs","lib\errors\tukey\TukeyBiweight.Tests.cs","399","9"
"Wmape.Tests.cs","lib\errors\wmape\Wmape.Tests.cs","75","9"
"CsvFeed.Tests.cs","lib\feeds\csv\CsvFeed.Tests.cs","449","9"
"Gbm.Tests.cs","lib\feeds\gbm\Gbm.Tests.cs","227","9"
"Bessel.Tests.cs","lib\filters\bessel\Bessel.Tests.cs","130","9"
"Bessel.Tests.cs","lib\filters\bessel\Bessel.Tests.cs","267","9"
"Bilateral.Tests.cs","lib\filters\bilateral\Bilateral.Tests.cs","142","9"
"Bilateral.Validation.Tests.cs","lib\filters\bilateral\Bilateral.Validation.Tests.cs","41","9"
"Bilateral.Validation.Tests.cs","lib\filters\bilateral\Bilateral.Validation.Tests.cs","42","9"
"Bilateral.Validation.Tests.cs","lib\filters\bilateral\Bilateral.Validation.Tests.cs","63","9"
"Bilateral.Validation.Tests.cs","lib\filters\bilateral\Bilateral.Validation.Tests.cs","64","9"
"Bilateral.Validation.Tests.cs","lib\filters\bilateral\Bilateral.Validation.Tests.cs","89","9"
"Bilateral.Validation.Tests.cs","lib\filters\bilateral\Bilateral.Validation.Tests.cs","90","9"
"Bpf.Tests.cs","lib\filters\bpf\Bpf.Tests.cs","35","9"
"Bpf.Tests.cs","lib\filters\bpf\Bpf.Tests.cs","36","9"
"Bpf.Validation.Tests.cs","lib\filters\bpf\Bpf.Validation.Tests.cs","18","9"
"Butter.Tests.cs","lib\filters\butter\Butter.Tests.cs","70","9"
"Butter.Tests.cs","lib\filters\butter\Butter.Tests.cs","111","9"
"Butter.Validation.Tests.cs","lib\filters\butter\Butter.Validation.Tests.cs","21","9"
"Butter.Validation.Tests.cs","lib\filters\butter\Butter.Validation.Tests.cs","49","9"
"Cheby1.Tests.cs","lib\filters\cheby1\Cheby1.Tests.cs","91","9"
"Cheby1.Tests.cs","lib\filters\cheby1\Cheby1.Tests.cs","92","9"
"Cheby2.Tests.cs","lib\filters\cheby2\Cheby2.Tests.cs","89","9"
"Cheby2.Tests.cs","lib\filters\cheby2\Cheby2.Tests.cs","90","9"
"Elliptic.Tests.cs","lib\filters\elliptic\Elliptic.Tests.cs","26","9"
"Elliptic.Tests.cs","lib\filters\elliptic\Elliptic.Tests.cs","58","9"
"Hann.Tests.cs","lib\filters\hann\Hann.Tests.cs","43","9"
"Hann.Tests.cs","lib\filters\hann\Hann.Tests.cs","92","9"
"Hann.Tests.cs","lib\filters\hann\Hann.Tests.cs","115","9"
"Hpf.Validation.Tests.cs","lib\filters\hpf\Hpf.Validation.Tests.cs","84","9"
"Kalman.Validation.Tests.cs","lib\filters\kalman\Kalman.Validation.Tests.cs","42","9"
"Kalman.Validation.Tests.cs","lib\filters\kalman\Kalman.Validation.Tests.cs","43","9"
"Loess.Tests.cs","lib\filters\loess\Loess.Tests.cs","97","9"
"Notch.Tests.cs","lib\filters\notch\Notch.Tests.cs","35","9"
"Notch.Tests.cs","lib\filters\notch\Notch.Tests.cs","36","9"
"Notch.Tests.cs","lib\filters\notch\Notch.Tests.cs","73","9"
"Notch.Tests.cs","lib\filters\notch\Notch.Tests.cs","90","9"
"Notch.Tests.cs","lib\filters\notch\Notch.Tests.cs","91","9"
"Sgf.Tests.cs","lib\filters\sgf\Sgf.Tests.cs","30","9"
"Sgf.Tests.cs","lib\filters\sgf\Sgf.Tests.cs","31","9"
"Ssf.Tests.cs","lib\filters\ssf\Ssf.Tests.cs","248","9"
"Usf.Tests.cs","lib\filters\usf\Usf.Tests.cs","307","9"
"Usf.Validation.Tests.cs","lib\filters\usf\Usf.Validation.Tests.cs","99","9"
"Usf.Validation.Tests.cs","lib\filters\usf\Usf.Validation.Tests.cs","163","9"
"Wiener.Tests.cs","lib\filters\wiener\Wiener.Tests.cs","30","9"
"Wiener.Tests.cs","lib\filters\wiener\Wiener.Tests.cs","31","9"
"Wiener.Tests.cs","lib\filters\wiener\Wiener.Tests.cs","85","9"
"Wiener.Tests.cs","lib\filters\wiener\Wiener.Tests.cs","86","9"
"Afirma.Tests.cs","lib\forecasts\afirma\Afirma.Tests.cs","469","9"
"Afirma.Tests.cs","lib\forecasts\afirma\Afirma.Tests.cs","470","9"
"Afirma.Validation.Tests.cs","lib\forecasts\afirma\Afirma.Validation.Tests.cs","187","9"
"Afirma.Validation.Tests.cs","lib\forecasts\afirma\Afirma.Validation.Tests.cs","212","9"
"Afirma.Validation.Tests.cs","lib\forecasts\afirma\Afirma.Validation.Tests.cs","213","9"
"Afirma.Validation.Tests.cs","lib\forecasts\afirma\Afirma.Validation.Tests.cs","236","9"
"Afirma.Validation.Tests.cs","lib\forecasts\afirma\Afirma.Validation.Tests.cs","296","9"
"Macd.Validation.Tests.cs","lib\momentum\macd\Macd.Validation.Tests.cs","45","9"
"Macd.Validation.Tests.cs","lib\momentum\macd\Macd.Validation.Tests.cs","46","9"
"Macd.Validation.Tests.cs","lib\momentum\macd\Macd.Validation.Tests.cs","47","9"
"Macd.Validation.Tests.cs","lib\momentum\macd\Macd.Validation.Tests.cs","72","9"
"Macd.Validation.Tests.cs","lib\momentum\macd\Macd.Validation.Tests.cs","73","9"
"Macd.Validation.Tests.cs","lib\momentum\macd\Macd.Validation.Tests.cs","74","9"
"Macd.Validation.Tests.cs","lib\momentum\macd\Macd.Validation.Tests.cs","104","9"
"Macd.Validation.Tests.cs","lib\momentum\macd\Macd.Validation.Tests.cs","105","9"
"Macd.Validation.Tests.cs","lib\momentum\macd\Macd.Validation.Tests.cs","106","9"
"Macd.Validation.Tests.cs","lib\momentum\macd\Macd.Validation.Tests.cs","145","9"
"Macd.Validation.Tests.cs","lib\momentum\macd\Macd.Validation.Tests.cs","146","9"
"Macd.Validation.Tests.cs","lib\momentum\macd\Macd.Validation.Tests.cs","147","9"
"Macd.Validation.Tests.cs","lib\momentum\macd\Macd.Validation.Tests.cs","195","9"
"Macd.Validation.Tests.cs","lib\momentum\macd\Macd.Validation.Tests.cs","196","9"
"Macd.Validation.Tests.cs","lib\momentum\macd\Macd.Validation.Tests.cs","197","9"
"Rsi.Tests.cs","lib\momentum\rsi\Rsi.Tests.cs","390","9"
"Rsx.Tests.cs","lib\momentum\rsx\Rsx.Tests.cs","61","9"
"Rsx.Tests.cs","lib\momentum\rsx\Rsx.Tests.cs","62","9"
"Rsx.Tests.cs","lib\momentum\rsx\Rsx.Tests.cs","85","9"
"Rsx.Tests.cs","lib\momentum\rsx\Rsx.Tests.cs","86","9"
"Rsx.Tests.cs","lib\momentum\rsx\Rsx.Tests.cs","196","9"
"Rsx.Validation.Tests.cs","lib\momentum\rsx\Rsx.Validation.Tests.cs","18","9"
"Rsx.Validation.Tests.cs","lib\momentum\rsx\Rsx.Validation.Tests.cs","19","9"
"Vel.Tests.cs","lib\momentum\vel\Vel.Tests.cs","238","9"
"Vel.Validation.Tests.cs","lib\momentum\vel\Vel.Validation.Tests.cs","253","9"
"Ao.Tests.cs","lib\oscillators\ao\Ao.Tests.cs","246","9"
"Ao.Tests.cs","lib\oscillators\ao\Ao.Tests.cs","247","9"
"Ao.Validation.Tests.cs","lib\oscillators\ao\Ao.Validation.Tests.cs","69","9"
"Apo.Tests.cs","lib\oscillators\apo\Apo.Tests.cs","246","9"
"Apo.Tests.cs","lib\oscillators\apo\Apo.Tests.cs","247","9"
"Apo.Validation.Tests.cs","lib\oscillators\apo\Apo.Validation.Tests.cs","41","9"
"Apo.Validation.Tests.cs","lib\oscillators\apo\Apo.Validation.Tests.cs","42","9"
"Apo.Validation.Tests.cs","lib\oscillators\apo\Apo.Validation.Tests.cs","77","9"
"Apo.Validation.Tests.cs","lib\oscillators\apo\Apo.Validation.Tests.cs","78","9"
"Apo.Validation.Tests.cs","lib\oscillators\apo\Apo.Validation.Tests.cs","112","9"
"Apo.Validation.Tests.cs","lib\oscillators\apo\Apo.Validation.Tests.cs","113","9"
"Ultosc.Validation.Tests.cs","lib\oscillators\ultosc\Ultosc.Validation.Tests.cs","282","9"
"Ultosc.Validation.Tests.cs","lib\oscillators\ultosc\Ultosc.Validation.Tests.cs","283","9"
"Ultosc.Validation.Tests.cs","lib\oscillators\ultosc\Ultosc.Validation.Tests.cs","284","9"
"Beta.Tests.cs","lib\statistics\beta\Beta.Tests.cs","44","9"
"Beta.Tests.cs","lib\statistics\beta\Beta.Tests.cs","69","9"
"Beta.Validation.Tests.cs","lib\statistics\beta\Beta.Validation.Tests.cs","29","9"
"Beta.Validation.Tests.cs","lib\statistics\beta\Beta.Validation.Tests.cs","55","9"
"Cma.Validation.Tests.cs","lib\statistics\cma\Cma.Validation.Tests.cs","131","9"
"Cma.Validation.Tests.cs","lib\statistics\cma\Cma.Validation.Tests.cs","159","9"
"Cma.Validation.Tests.cs","lib\statistics\cma\Cma.Validation.Tests.cs","201","9"
"Cma.Validation.Tests.cs","lib\statistics\cma\Cma.Validation.Tests.cs","249","9"
"Cma.Validation.Tests.cs","lib\statistics\cma\Cma.Validation.Tests.cs","271","9"
"Covariance.Simd.Tests.cs","lib\statistics\covariance\Covariance.Simd.Tests.cs","10","9"
"Covariance.Simd.Tests.cs","lib\statistics\covariance\Covariance.Simd.Tests.cs","11","9"
"Covariance.Simd.Tests.cs","lib\statistics\covariance\Covariance.Simd.Tests.cs","52","9"
"Covariance.Simd.Tests.cs","lib\statistics\covariance\Covariance.Simd.Tests.cs","53","9"
"Covariance.Simd.Tests.cs","lib\statistics\covariance\Covariance.Simd.Tests.cs","101","9"
"Covariance.Simd.Tests.cs","lib\statistics\covariance\Covariance.Simd.Tests.cs","102","9"
"Covariance.Tests.cs","lib\statistics\covariance\Covariance.Tests.cs","35","9"
"Covariance.Tests.cs","lib\statistics\covariance\Covariance.Tests.cs","287","9"
"Covariance.Tests.cs","lib\statistics\covariance\Covariance.Tests.cs","288","9"
"Covariance.Validation.Tests.cs","lib\statistics\covariance\Covariance.Validation.Tests.cs","10","9"
"Covariance.Validation.Tests.cs","lib\statistics\covariance\Covariance.Validation.Tests.cs","52","9"
"LinReg.Tests.cs","lib\statistics\linreg\LinReg.Tests.cs","133","9"
"LinReg.Tests.cs","lib\statistics\linreg\LinReg.Tests.cs","203","9"
"LinReg.Validation.Tests.cs","lib\statistics\linreg\LinReg.Validation.Tests.cs","24","9"
"LinReg.Validation.Tests.cs","lib\statistics\linreg\LinReg.Validation.Tests.cs","42","9"
"Median.Tests.cs","lib\statistics\median\Median.Tests.cs","178","9"
"Median.Tests.cs","lib\statistics\median\Median.Tests.cs","207","9"
"Median.Tests.cs","lib\statistics\median\Median.Tests.cs","265","9"
"Median.Validation.Tests.cs","lib\statistics\median\Median.Validation.Tests.cs","23","9"
"Median.Validation.Tests.cs","lib\statistics\median\Median.Validation.Tests.cs","65","9"
"Skew.Tests.cs","lib\statistics\skew\Skew.Tests.cs","117","9"
"Skew.Tests.cs","lib\statistics\skew\Skew.Tests.cs","119","9"
"Skew.Tests.cs","lib\statistics\skew\Skew.Tests.cs","178","9"
"Skew.Tests.cs","lib\statistics\skew\Skew.Tests.cs","301","9"
"Skew.Tests.cs","lib\statistics\skew\Skew.Tests.cs","381","9"
"Skew.Validation.Tests.cs","lib\statistics\skew\Skew.Validation.Tests.cs","18","9"
"StdDev.Tests.cs","lib\statistics\stddev\StdDev.Tests.cs","117","9"
"StdDev.Tests.cs","lib\statistics\stddev\StdDev.Tests.cs","208","9"
"StdDev.Tests.cs","lib\statistics\stddev\StdDev.Tests.cs","209","9"
"StdDev.Tests.cs","lib\statistics\stddev\StdDev.Tests.cs","241","9"
"StdDev.Tests.cs","lib\statistics\stddev\StdDev.Tests.cs","242","9"
"StdDev.Validation.Tests.cs","lib\statistics\stddev\StdDev.Validation.Tests.cs","249","9"
"StdDev.Validation.Tests.cs","lib\statistics\stddev\StdDev.Validation.Tests.cs","269","9"
"StdDev.Validation.Tests.cs","lib\statistics\stddev\StdDev.Validation.Tests.cs","375","9"
"StdDev.Validation.Tests.cs","lib\statistics\stddev\StdDev.Validation.Tests.cs","401","9"
"Sum.Tests.cs","lib\statistics\sum\Sum.Tests.cs","420","9"
"Sum.Tests.cs","lib\statistics\sum\Sum.Tests.cs","571","9"
"Sum.Tests.cs","lib\statistics\sum\Sum.Tests.cs","591","9"
"Sum.Validation.Tests.cs","lib\statistics\sum\Sum.Validation.Tests.cs","107","9"
"Sum.Validation.Tests.cs","lib\statistics\sum\Sum.Validation.Tests.cs","136","9"
"Sum.Validation.Tests.cs","lib\statistics\sum\Sum.Validation.Tests.cs","166","9"
"Sum.Validation.Tests.cs","lib\statistics\sum\Sum.Validation.Tests.cs","195","9"
"Sum.Validation.Tests.cs","lib\statistics\sum\Sum.Validation.Tests.cs","223","9"
"Sum.Validation.Tests.cs","lib\statistics\sum\Sum.Validation.Tests.cs","293","9"
"Sum.Validation.Tests.cs","lib\statistics\sum\Sum.Validation.Tests.cs","294","9"
"Sum.Validation.Tests.cs","lib\statistics\sum\Sum.Validation.Tests.cs","312","9"
"Sum.Validation.Tests.cs","lib\statistics\sum\Sum.Validation.Tests.cs","360","9"
"Variance.Tests.cs","lib\statistics\variance\Variance.Tests.cs","99","9"
"Variance.Tests.cs","lib\statistics\variance\Variance.Tests.cs","101","9"
"Variance.Tests.cs","lib\statistics\variance\Variance.Tests.cs","160","9"
"Variance.Tests.cs","lib\statistics\variance\Variance.Tests.cs","192","9"
"Variance.Tests.cs","lib\statistics\variance\Variance.Tests.cs","215","9"
"Variance.Tests.cs","lib\statistics\variance\Variance.Tests.cs","252","9"
"Variance.Tests.cs","lib\statistics\variance\Variance.Tests.cs","301","9"
"Variance.Tests.cs","lib\statistics\variance\Variance.Tests.cs","302","9"
"Variance.Tests.cs","lib\statistics\variance\Variance.Tests.cs","361","9"
"Variance.Tests.cs","lib\statistics\variance\Variance.Tests.cs","634","9"
"Variance.Validation.Tests.cs","lib\statistics\variance\Variance.Validation.Tests.cs","18","9"
"Variance.Validation.Tests.cs","lib\statistics\variance\Variance.Validation.Tests.cs","42","9"
"Variance.Validation.Tests.cs","lib\statistics\variance\Variance.Validation.Tests.cs","70","9"
"Variance.Validation.Tests.cs","lib\statistics\variance\Variance.Validation.Tests.cs","102","9"
"Alma.Tests.cs","lib\trends_FIR\alma\Alma.Tests.cs","274","9"
"Alma.Validation.Tests.cs","lib\trends_FIR\alma\Alma.Validation.Tests.cs","47","9"
"Alma.Validation.Tests.cs","lib\trends_FIR\alma\Alma.Validation.Tests.cs","48","9"
"Alma.Validation.Tests.cs","lib\trends_FIR\alma\Alma.Validation.Tests.cs","69","9"
"Alma.Validation.Tests.cs","lib\trends_FIR\alma\Alma.Validation.Tests.cs","70","9"
"Alma.Validation.Tests.cs","lib\trends_FIR\alma\Alma.Validation.Tests.cs","95","9"
"Alma.Validation.Tests.cs","lib\trends_FIR\alma\Alma.Validation.Tests.cs","96","9"
"Alma.Validation.Tests.cs","lib\trends_FIR\alma\Alma.Validation.Tests.cs","120","9"
"Alma.Validation.Tests.cs","lib\trends_FIR\alma\Alma.Validation.Tests.cs","121","9"
"Blma.Tests.cs","lib\trends_FIR\blma\Blma.Tests.cs","48","9"
"Blma.Validation.Tests.cs","lib\trends_FIR\blma\Blma.Validation.Tests.cs","19","9"
"Blma.Validation.Tests.cs","lib\trends_FIR\blma\Blma.Validation.Tests.cs","66","17"
"Blma.Validation.Tests.cs","lib\trends_FIR\blma\Blma.Validation.Tests.cs","67","17"
"Blma.Validation.Tests.cs","lib\trends_FIR\blma\Blma.Validation.Tests.cs","68","17"
"Blma.Validation.Tests.cs","lib\trends_FIR\blma\Blma.Validation.Tests.cs","69","17"
"Blma.Validation.Tests.cs","lib\trends_FIR\blma\Blma.Validation.Tests.cs","70","17"
"Conv.Validation.Tests.cs","lib\trends_FIR\conv\Conv.Validation.Tests.cs","53","9"
"Conv.Validation.Tests.cs","lib\trends_FIR\conv\Conv.Validation.Tests.cs","77","9"
"Conv.Validation.Tests.cs","lib\trends_FIR\conv\Conv.Validation.Tests.cs","102","9"
"Conv.Validation.Tests.cs","lib\trends_FIR\conv\Conv.Validation.Tests.cs","140","9"
"Conv.Validation.Tests.cs","lib\trends_FIR\conv\Conv.Validation.Tests.cs","152","9"
"Conv.Validation.Tests.cs","lib\trends_FIR\conv\Conv.Validation.Tests.cs","169","9"
"Conv.Validation.Tests.cs","lib\trends_FIR\conv\Conv.Validation.Tests.cs","190","9"
"Dwma.Tests.cs","lib\trends_FIR\dwma\Dwma.Tests.cs","84","9"
"Dwma.Tests.cs","lib\trends_FIR\dwma\Dwma.Tests.cs","85","9"
"Dwma.Tests.cs","lib\trends_FIR\dwma\Dwma.Tests.cs","175","9"
"Dwma.Validation.Tests.cs","lib\trends_FIR\dwma\Dwma.Validation.Tests.cs","45","9"
"Dwma.Validation.Tests.cs","lib\trends_FIR\dwma\Dwma.Validation.Tests.cs","72","9"
"Hma.Tests.cs","lib\trends_FIR\hma\Hma.Tests.cs","244","9"
"Lsma.Tests.cs","lib\trends_FIR\lsma\Lsma.Tests.cs","33","9"
"Lsma.Tests.cs","lib\trends_FIR\lsma\Lsma.Tests.cs","49","9"
"Lsma.Tests.cs","lib\trends_FIR\lsma\Lsma.Tests.cs","51","9"
"Lsma.Tests.cs","lib\trends_FIR\lsma\Lsma.Tests.cs","67","9"
"Lsma.Tests.cs","lib\trends_FIR\lsma\Lsma.Tests.cs","68","9"
"Lsma.Tests.cs","lib\trends_FIR\lsma\Lsma.Tests.cs","127","9"
"Lsma.Tests.cs","lib\trends_FIR\lsma\Lsma.Tests.cs","128","9"
"Lsma.Tests.cs","lib\trends_FIR\lsma\Lsma.Tests.cs","152","9"
"Lsma.Tests.cs","lib\trends_FIR\lsma\Lsma.Tests.cs","153","9"
"Lsma.Tests.cs","lib\trends_FIR\lsma\Lsma.Tests.cs","198","9"
"Pwma.Tests.cs","lib\trends_FIR\pwma\Pwma.Tests.cs","360","9"
"Sma.Tests.cs","lib\trends_FIR\sma\Sma.Tests.cs","471","9"
"Sma.Tolerance.Tests.cs","lib\trends_FIR\sma\Sma.Tolerance.Tests.cs","22","9"
"Trima.Tolerance.Tests.cs","lib\trends_FIR\trima\Trima.Tolerance.Tests.cs","22","9"
"Wma.Coverage.Tests.cs","lib\trends_FIR\wma\Wma.Coverage.Tests.cs","12","9"
"Wma.Coverage.Tests.cs","lib\trends_FIR\wma\Wma.Coverage.Tests.cs","13","9"
"Wma.Coverage.Tests.cs","lib\trends_FIR\wma\Wma.Coverage.Tests.cs","30","9"
"Wma.Coverage.Tests.cs","lib\trends_FIR\wma\Wma.Coverage.Tests.cs","31","9"
"Wma.Coverage.Tests.cs","lib\trends_FIR\wma\Wma.Coverage.Tests.cs","78","9"
"Wma.Coverage.Tests.cs","lib\trends_FIR\wma\Wma.Coverage.Tests.cs","79","9"
"Dema.Tests.cs","lib\trends_IIR\dema\Dema.Tests.cs","11","9"
"Dema.Tests.cs","lib\trends_IIR\dema\Dema.Tests.cs","37","9"
"Dema.Tests.cs","lib\trends_IIR\dema\Dema.Tests.cs","63","9"
"Dema.Tests.cs","lib\trends_IIR\dema\Dema.Tests.cs","64","9"
"Dema.Tests.cs","lib\trends_IIR\dema\Dema.Tests.cs","90","9"
"Dema.Tests.cs","lib\trends_IIR\dema\Dema.Tests.cs","113","9"
"Dema.Tests.cs","lib\trends_IIR\dema\Dema.Tests.cs","123","9"
"Dema.Tests.cs","lib\trends_IIR\dema\Dema.Tests.cs","149","9"
"Dema.Tests.cs","lib\trends_IIR\dema\Dema.Tests.cs","150","9"
"Dema.Tests.cs","lib\trends_IIR\dema\Dema.Tests.cs","276","9"
"Ema.Tests.cs","lib\trends_IIR\ema\Ema.Tests.cs","169","9"
"Ema.Tests.cs","lib\trends_IIR\ema\Ema.Tests.cs","427","9"
"Ema.Tests.cs","lib\trends_IIR\ema\Ema.Tests.cs","612","9"
"Jma.Tests.cs","lib\trends_IIR\jma\Jma.Tests.cs","179","9"
"Kama.Tests.cs","lib\trends_IIR\kama\Kama.Tests.cs","239","9"
"Kama.Validation.Tests.cs","lib\trends_IIR\kama\Kama.Validation.Tests.cs","45","9"
"Kama.Validation.Tests.cs","lib\trends_IIR\kama\Kama.Validation.Tests.cs","46","9"
"Kama.Validation.Tests.cs","lib\trends_IIR\kama\Kama.Validation.Tests.cs","67","9"
"Kama.Validation.Tests.cs","lib\trends_IIR\kama\Kama.Validation.Tests.cs","68","9"
"Kama.Validation.Tests.cs","lib\trends_IIR\kama\Kama.Validation.Tests.cs","93","9"
"Kama.Validation.Tests.cs","lib\trends_IIR\kama\Kama.Validation.Tests.cs","94","9"
"Kama.Validation.Tests.cs","lib\trends_IIR\kama\Kama.Validation.Tests.cs","243","9"
"Kama.Validation.Tests.cs","lib\trends_IIR\kama\Kama.Validation.Tests.cs","244","9"
"Mama.Tests.cs","lib\trends_IIR\mama\Mama.Tests.cs","239","9"
"Mama.Tests.cs","lib\trends_IIR\mama\Mama.Tests.cs","336","9"
"Mama.Tests.cs","lib\trends_IIR\mama\Mama.Tests.cs","357","9"
"Mama.Tests.cs","lib\trends_IIR\mama\Mama.Tests.cs","394","9"
"Mama.Tests.cs","lib\trends_IIR\mama\Mama.Tests.cs","418","9"
"Mama.Validation.Tests.cs","lib\trends_IIR\mama\Mama.Validation.Tests.cs","22","9"
"Mama.Validation.Tests.cs","lib\trends_IIR\mama\Mama.Validation.Tests.cs","23","9"
"Mama.Validation.Tests.cs","lib\trends_IIR\mama\Mama.Validation.Tests.cs","54","9"
"Mama.Validation.Tests.cs","lib\trends_IIR\mama\Mama.Validation.Tests.cs","55","9"
"Mama.Validation.Tests.cs","lib\trends_IIR\mama\Mama.Validation.Tests.cs","86","9"
"Mama.Validation.Tests.cs","lib\trends_IIR\mama\Mama.Validation.Tests.cs","87","9"
"Mgdi.Tests.cs","lib\trends_IIR\mgdi\Mgdi.Tests.cs","28","9"
"Rma.Tests.cs","lib\trends_IIR\rma\Rma.Tests.cs","108","9"
"Rma.Validation.Tests.cs","lib\trends_IIR\rma\Rma.Validation.Tests.cs","41","9"
"Rma.Validation.Tests.cs","lib\trends_IIR\rma\Rma.Validation.Tests.cs","68","9"
"T3.Validation.Tests.cs","lib\trends_IIR\t3\T3.Validation.Tests.cs","24","9"
"T3.Validation.Tests.cs","lib\trends_IIR\t3\T3.Validation.Tests.cs","45","9"
"T3.Validation.Tests.cs","lib\trends_IIR\t3\T3.Validation.Tests.cs","72","9"
"T3.Validation.Tests.cs","lib\trends_IIR\t3\T3.Validation.Tests.cs","103","9"
"T3.Validation.Tests.cs","lib\trends_IIR\t3\T3.Validation.Tests.cs","130","9"
"Vidya.Validation.Tests.cs","lib\trends_IIR\vidya\Vidya.Validation.Tests.cs","28","9"
"Vidya.Validation.Tests.cs","lib\trends_IIR\vidya\Vidya.Validation.Tests.cs","50","9"
"Adl.Tests.cs","lib\volume\adl\Adl.Tests.cs","188","9"
"Adosc.Validation.Tests.cs","lib\volume\adosc\Adosc.Validation.Tests.cs","42","9"
"Adosc.Validation.Tests.cs","lib\volume\adosc\Adosc.Validation.Tests.cs","43","9"
"Adosc.Validation.Tests.cs","lib\volume\adosc\Adosc.Validation.Tests.cs","76","9"
"Adosc.Validation.Tests.cs","lib\volume\adosc\Adosc.Validation.Tests.cs","77","9"
"Adosc.Validation.Tests.cs","lib\volume\adosc\Adosc.Validation.Tests.cs","115","9"
"Adosc.Validation.Tests.cs","lib\volume\adosc\Adosc.Validation.Tests.cs","116","9"
"Adosc.Validation.Tests.cs","lib\volume\adosc\Adosc.Validation.Tests.cs","147","9"
"Adosc.Validation.Tests.cs","lib\volume\adosc\Adosc.Validation.Tests.cs","148","9"
